scientific_name,µhab_surf,µhab_subsurf,µhab_soil
Ambispora fennica,1,1,1
Ambispora gerdemannii,1,1,1
Archaeospora sp. PODO7.3,1,1,1
Archaeospora trappei,1,1,1
Palaeospora spainiae,1,1,1
Archaeosporales,1,1,1
Diversispora,1,1,1
Diversispora varaderana,1,1,1
Diversisporaceae,1,1,1
Cetraspora nodosa,1,1,1
Gigasporaceae,1,1,1
Scutellospora alterata,1,1,1
Diversisporales,1,1,1
Claroideoglomus claroideum,1,1,1
Funneliformis mosseae,1,1,1
Glomus,1,1,1
Glomus invermaium,1,1,1
Glomus sp. 9 SUN-2011,1,1,1
Glomeraceae,1,1,1
Rhizophagus,1,1,1
Rhizophagus intraradices,1,1,1
Septoglomus,1,1,1
Glomerales,1,1,1
Glomeromycetes,1,1,1
Paraglomus,1,1,1
Paraglomus brasilianum,1,1,1
Viridiraptoridae,0,1,1
Capsellina sp. ATCC 50039,0,1,1
Pseudochilodonopsis sp. 3 WS-2013,0,1,1
Orciraptor agilis,0,1,1
Plectidae,0,1,1
Plectus,0,1,1
Plectus aquatilis,0,1,1
Rhabdolaimus,0,1,1
Prodesmodora circulata,0,1,1
Eumonhystera,0,1,1
Acrobeles sp.,0,1,1
Acrobeloides,0,1,1
Cephalobus persegnis,0,1,1
Eucephalobus striatus,0,1,1
Cephalobidae,0,1,1
Panagrolaimus sp. PS443,0,1,1
Mesorhabditis sp. 334Meso1,0,1,1
Rhabditis,0,1,1
Metateratocephalus,0,1,1
Teratocephalus terrestris,0,1,1
Alaimus,0,1,1
Amphidelus cf. pusillus 9 Mile 3-17 LP-02,0,1,1
Alaimidae,0,1,1
Bastiania,0,1,1
Bastiania gracilis,0,1,1
Isolaimium multistriatum,0,1,1
Prismatolaimus,0,1,1
Prismatolaimus cf. dolichurus JH-2004,0,1,1
Allovahlkampfia,0,1,1
Bodo,0,1,1
Neobodo designis,0,1,1
Leptomyxa sp. AS-2016b,0,1,1
Leptomyxida,0,1,1
Obertrumia georgiana,0,1,1
Leptomyxa reticulata,0,1,1
Amphimallon solstitiale,1,1,0
Aphodius johnsoni,1,1,0
Melolonthinae,1,1,0
Ascobolus,1,1,1
Ascobolus stercorarius,1,1,1
Saccobolus dilutellus,1,1,1
Thecotheus holmskjoldii,1,1,1
Iodophanus carneus,1,1,1
Cheilymenia stercorea,1,1,1
Bolbitius vitellinus,1,1,1
Panaeolus,1,1,1
Cenarchaeum symbiosum,1,1,1
Nitrosopumilaceae,1,1,1
uncultured Candidatus Nitrosopumilus sp.,1,1,1
Candidatus Nitrosocosmicus,1,1,1
Nitrososphaeraceae,1,1,1
Candidatus Nitrososphaera gargensis,1,1,1
Nitrososphaera,1,1,1
uncultured Nitrososphaera sp.,1,1,1
Methanomassiliicoccus sp. 138,1,1,1
Methanomassiliicoccus sp. 142,1,1,1
Methanomassiliicoccus sp. P27,1,1,1
uncultured Acidimicrobium sp.,1,1,1
uncultured Aciditerrimonas sp.,1,1,1
uncultured Ferrimicrobium sp.,1,1,1
uncultured Ferrithrix sp.,1,1,1
uncultured Ilumatobacter sp.,1,1,1
Acidimicrobiaceae,1,1,1
Aquihabitans daechungensis,1,1,1
uncultured Iamia sp.,1,1,1
uncultured Candidatus Microthrix sp.,1,1,1
uncultured Acidothermus sp.,1,1,1
uncultured Actinomyces sp.,1,1,1
Actinocrinis puniceicyclus,1,1,1
Catenulispora,1,1,1
Catenulispora graminis,1,1,1
Mycobacterium,1,1,1
Mycobacterium sp. PSY065,1,1,1
uncultured Mycobacterium sp.,1,1,1
Corynebacteriales,1,1,1
Nocardiaceae,1,1,1
Nocardia,1,1,1
Rhodococcus,1,1,1
uncultured Rhodococcus sp.,1,1,1
uncultured Frankia sp.,1,1,1
Jatrophihabitans,1,1,1
Sporichthya,1,1,1
uncultured Sporichthya sp.,1,1,1
Blastococcus,1,1,1
Blastococcus sp. URHB0062,1,1,1
Blastococcus sp. URHD0003,1,1,1
Geodermatophilus,1,1,1
Geodermatophilus sp. Z2R53,1,1,1
Geodermatophilaceae,1,1,1
Angustibacter luteus,1,1,1
uncultured Kineococcus sp.,1,1,1
Kineosporia,1,1,1
uncultured Kineosporia sp.,1,1,1
Cellulomonas,1,1,1
Demequina sp. CMS382,1,1,1
uncultured Demequina sp.,1,1,1
Demequinaceae,1,1,1
Janibacter,1,1,1
uncultured Janibacter sp.,1,1,1
Intrasporangiaceae,1,1,1
Oryzihumus,1,1,1
Agromyces,1,1,1
Clavibacter,1,1,1
Frigoribacterium sp. B1-25c-3,1,1,1
Humibacter sp. Po15c,1,1,1
Leifsonia,1,1,1
Leifsonia sp. A5AGK,1,1,1
Microbacterium,1,1,1
Microbacteriaceae,1,1,1
Rathayibacter,1,1,1
Salinibacterium sp. CC13L1,1,1,1
Arthrobacter,1,1,1
Micrococcaceae,1,1,1
uncultured Sinomonas sp.,1,1,1
Sanguibacter,1,1,1
uncultured Actinocatenispora sp.,1,1,1
Actinoplanes,1,1,1
Actinoplanes sp. IR51-RC111,1,1,1
uncultured Actinoplanes sp.,1,1,1
Catellatospora sp. KC-EP-S6,1,1,1
Dactylosporangium,1,1,1
uncultured Dactylosporangium sp.,1,1,1
Luedemannella sp. 119-1-07,1,1,1
uncultured Micromonospora sp.,1,1,1
Micromonosporaceae,1,1,1
Actinobacteria,1,1,1
Nakamurella,1,1,1
Nakamurella sp. A24MTO,1,1,1
Aeromicrobium panaciterrae,1,1,1
Aeromicrobium sp. HJX17,1,1,1
Aeromicrobium sp. RODSPM17,1,1,1
Kribbella,1,1,1
Kribbella sp. enrichment culture clone VanCtr42,1,1,1
Marmoricola,1,1,1
uncultured Marmoricola sp.,1,1,1
Nocardioidaceae,1,1,1
Nocardioides,1,1,1
Nocardioides sp.,1,1,1
Nocardioides sp. MSL 24,1,1,1
Nocardioides sp. RW28,1,1,1
Nocardioides sp. SSRB28-7,1,1,1
uncultured Nocardioides sp.,1,1,1
uncultured Microlunatus sp.,1,1,1
Amycolatopsis tolypomycina,1,1,1
Kutzneria,1,1,1
uncultured Lentzea sp.,1,1,1
Pseudonocardiaceae,1,1,1
Pseudonocardia,1,1,1
uncultured Pseudonocardia sp.,1,1,1
Streptomycetaceae,1,1,1
Streptacidiphilus alcalitolerans,1,1,1
Streptomyces,1,1,1
Streptomyces abietis,1,1,1
Streptomyces sp. PanSC6,1,1,1
uncultured Streptomyces sp.,1,1,1
Nonomuraea,1,1,1
Streptosporangium,1,1,1
uncultured Actinoallomurus sp.,1,1,1
Actinomadura sp. 1g12710,1,1,1
Brevundimonas,1,1,1
Caulobacter,1,1,1
Caulobacter fusiformis,1,1,1
Caulobacter profundus,1,1,1
uncultured Caulobacter sp.,1,1,1
Caulobacteraceae,1,1,1
Phenylobacterium,1,1,1
Phenylobacterium lituiforme,1,1,1
Phenylobacterium sp. B6.10-61,1,1,1
Phenylobacterium sp. enrichment culture clone LplF-80,1,1,1
Phenylobacterium sp. URHA0004,1,1,1
uncultured Phenylobacterium sp.,1,1,1
uncultured Woodsholea sp.,1,1,1
Rhizomicrobium,1,1,1
Rhizomicrobium sp. URHE0053,1,1,1
uncultured Rhizomicrobium sp.,1,1,1
Alphaproteobacteria,1,1,1
Martelella endophytica,1,1,1
uncultured Methylocapsa sp.,1,1,1
uncultured Methylocella sp.,1,1,1
Bradyrhizobium,1,1,1
Bradyrhizobium sp. Shinshu-th2,1,1,1
Bradyrhizobium sp. URHC0015,1,1,1
uncultured Bradyrhizobium sp.,1,1,1
Bradyrhizobiaceae,1,1,1
uncultured Rhodopseudomonas sp.,1,1,1
Variibacter gotjawalensis,1,1,1
Mycoplana sp. HP12Q,1,1,1
Ochrobactrum anthropi,1,1,1
uncultured Blastochloris sp.,1,1,1
Devosia,1,1,1
Devosia sp. P-37,1,1,1
Hyphomicrobium,1,1,1
uncultured Hyphomicrobium sp.,1,1,1
Hyphomicrobiaceae,1,1,1
Pedomicrobium,1,1,1
uncultured Pedomicrobium sp.,1,1,1
uncultured Prosthecomicrobium sp.,1,1,1
Rhodomicrobium,1,1,1
uncultured Rhodomicrobium sp.,1,1,1
environmental samples,1,1,1
Rhodoplanes sp. Z2-YC6860,1,1,1
uncultured Rhodoplanes sp.,1,1,1
Methylobacterium,1,1,1
Microvirga,1,1,1
uncultured Microvirga sp.,1,1,1
Methylobacteriaceae,1,1,1
Methylosinus sporium,1,1,1
Methylosinus trichosporium,1,1,1
uncultured Methylosinus sp.,1,1,1
Methylocystaceae,1,1,1
uncultured Aminobacter sp.,1,1,1
Mesorhizobium,1,1,1
uncultured Mesorhizobium sp.,1,1,1
Phyllobacteriaceae,1,1,1
uncultured Nitratireductor sp.,1,1,1
Oricola cellulosilytica,1,1,1
Phyllobacterium,1,1,1
Rhizobiaceae,1,1,1
Rhizobium/Agrobacterium group,1,1,1
Rhizobium,1,1,1
uncultured Rhizobium sp.,1,1,1
uncultured Rhodobium sp.,1,1,1
Roseiarcus fermentans,1,1,1
Labrys,1,1,1
uncultured Pseudolabrys sp.,1,1,1
Rhodobacteraceae,1,1,1
uncultured Acidisphaera sp.,1,1,1
Acetobacteraceae,1,1,1
Rhodopila globiformis,1,1,1
uncultured Stella sp.,1,1,1
Azospirillum sp. T2-YC6788,1,1,1
Dechlorospirillum sp. SN1,1,1,1
Dongia,1,1,1
Dongia sp. CB 286422,1,1,1
uncultured Dongia sp.,1,1,1
Rhodospirillaceae,1,1,1
uncultured Skermanella sp.,1,1,1
Altererythrobacter,1,1,1
Altererythrobacter buctense,1,1,1
Altererythrobacter sp. 100921-2,1,1,1
uncultured Altererythrobacter sp.,1,1,1
uncultured Erythrobacter sp.,1,1,1
Erythrobacteraceae,1,1,1
Porphyrobacter,1,1,1
Sphingomonadales,1,1,1
Sphingomonadaceae,1,1,1
Novosphingobium,1,1,1
Novosphingobium sp.,1,1,1
uncultured Novosphingobium sp.,1,1,1
Sphingobium olei,1,1,1
uncultured Sphingobium sp.,1,1,1
Sphingomonas,1,1,1
Sphingomonas changbaiensis,1,1,1
Sphingomonas fennica,1,1,1
Sphingomonas sp. 52NP12,1,1,1
Sphingomonas sp. C0503,1,1,1
Sphingomonas sp. DB-II-12,1,1,1
Sphingomonas sp. LP105,1,1,1
Sphingomonas sp. ML1,1,1,1
Sphingomonas sp. NCCP-1295,1,1,1
Sphingomonas sp. THG-DN7.10,1,1,1
uncultured Sphingomonas sp.,1,1,1
Sphingorhabdus,1,1,1
Sphingosinicella sp. YJ22,1,1,1
uncultured Sphingosinicella sp.,1,1,1
uncultured Bellilinea sp.,1,1,1
uncultured Levilinea sp.,1,1,1
uncultured Longilinea sp.,1,1,1
Bacillus,1,1,1
uncultured Bacillus sp.,1,1,1
Bacillaceae,1,1,1
Bacillales,1,1,1
Paenibacillus,1,1,1
uncultured Saccharibacillus sp.,1,1,1
uncultured Pasteuria sp.,1,1,1
Planococcaceae,1,1,1
Staphylococcus,1,1,1
uncultured Thermoflavimicrobium sp.,1,1,1
uncultured Bacteroides sp.,1,1,1
uncultured Derxia sp.,1,1,1
Burkholderia,1,1,1
Burkholderia cepacia,1,1,1
uncultured Burkholderia sp.,1,1,1
uncultured Cupriavidus sp.,1,1,1
Burkholderiaceae,1,1,1
Paucimonas lemoignei,1,1,1
Ralstonia solanacearum,1,1,1
Ralstonia sp. JOS55-1,1,1,1
uncultured Acidovorax sp.,1,1,1
Caenimonas sp. TSX9-5,1,1,1
uncultured Comamonas sp.,1,1,1
uncultured Curvibacter sp.,1,1,1
Delftia,1,1,1
Diaphorobacter sp. NPG-14,1,1,1
Hydrogenophaga,1,1,1
uncultured Hydrogenophaga sp.,1,1,1
Comamonadaceae,1,1,1
Pelomonas sp. CR2,1,1,1
Pelomonas sp. K89,1,1,1
uncultured Polaromonas sp.,1,1,1
Rhodoferax,1,1,1
uncultured Rhodoferax sp.,1,1,1
Variovorax,1,1,1
Burkholderiales,1,1,1
Duganella,1,1,1
Duganella sp. 2M1lan,1,1,1
Duganella sp. JPPB B33,1,1,1
Herbaspirillum,1,1,1
uncultured Herbaspirillum sp.,1,1,1
uncultured Herminiimonas sp.,1,1,1
Janthinobacterium,1,1,1
Massilia,1,1,1
uncultured Massilia sp.,1,1,1
Oxalobacteraceae,1,1,1
Undibacterium,1,1,1
uncultured Thiobacillus sp.,1,1,1
uncultured Methylobacillus sp.,1,1,1
uncultured Methylophilus sp.,1,1,1
Methylophilaceae,1,1,1
Betaproteobacteria,1,1,1
uncultured Nitrosospira sp.,1,1,1
Dechloromonas,1,1,1
uncultured Denitratisoma sp.,1,1,1
uncultured Ferribacterium sp.,1,1,1
Georgfuchsia toluolica,1,1,1
uncultured Georgfuchsia sp.,1,1,1
Rhodocyclaceae,1,1,1
uncultured Propionivibrio sp.,1,1,1
uncultured Sterolibacterium sp.,1,1,1
uncultured Caldilinea sp.,1,1,1
Chitinophaga,1,1,1
Chitinophaga oryziterrae,1,1,1
Chitinophaga pinensis,1,1,1
Chitinophaga sp. BN130233,1,1,1
uncultured Chitinophaga sp.,1,1,1
Ferruginibacter,1,1,1
Ferruginibacter paludis,1,1,1
Ferruginibacter sp. WF24,1,1,1
uncultured Ferruginibacter sp.,1,1,1
Flavisolibacter,1,1,1
Flavisolibacter rigui,1,1,1
Flavosolibacter sp. HU1-JC5,1,1,1
uncultured Flavisolibacter sp.,1,1,1
uncultured Lacibacter sp.,1,1,1
Chitinophagaceae,1,1,1
Niastella,1,1,1
uncultured Niastella sp.,1,1,1
Panacibacter ginsenosidivorans,1,1,1
Parafilimonas terrae,1,1,1
Sediminibacterium,1,1,1
Sediminibacterium aquarii,1,1,1
Segetibacter,1,1,1
uncultured Segetibacter sp.,1,1,1
Terrimonas,1,1,1
Terrimonas arctica,1,1,1
Terrimonas sp. URHE0054,1,1,1
uncultured Terrimonas sp.,1,1,1
Chitinophagales,1,1,1
uncultured Haliscomenobacter sp.,1,1,1
uncultured Chloroflexus sp.,1,1,1
uncultured Roseiflexus sp.,1,1,1
Clostridium,1,1,1
uncultured Thermaerobacter sp.,1,1,1
uncultured Desulfitobacterium sp.,1,1,1
uncultured Moorella sp.,1,1,1
uncultured Thermoanaerobacter sp.,1,1,1
uncultured Candidatus Nephrothrix sp.,1,1,1
Cytophaga hutchinsonii,1,1,1
uncultured Cytophaga sp.,1,1,1
Dyadobacter,1,1,1
Emticicia sp. KJ033,1,1,1
Fibrella sp.,1,1,1
uncultured Flexibacter sp.,1,1,1
Cytophagaceae,1,1,1
uncultured Ohtaekwangia sp.,1,1,1
Adhaeribacter,1,1,1
uncultured Adhaeribacter sp.,1,1,1
Pontibacter,1,1,1
Pontibacter sp. LX8,1,1,1
uncultured Dehalococcoides sp.,1,1,1
Bacteriovorax sp. PNEc1,1,1,1
Bdellovibrio,1,1,1
Bdellovibrio exovorus,1,1,1
Bdellovibrio exovorus JSS,1,1,1
uncultured Bdellovibrio sp.,1,1,1
Bdellovibrionales,1,1,1
uncultured Desulfotalea sp.,1,1,1
uncultured Desulfovibrio sp.,1,1,1
Desulfuromonas,1,1,1
uncultured Desulfuromonas sp.,1,1,1
uncultured Malonomonas sp.,1,1,1
Desulfuromonadaceae,1,1,1
Pelobacter,1,1,1
uncultured Pelobacter sp.,1,1,1
uncultured Geoalkalibacter sp.,1,1,1
Geobacter,1,1,1
Geobacter anodireducens,1,1,1
Geobacter sp. enrichment culture clone VanCtr1,1,1,1
uncultured Geobacter sp.,1,1,1
uncultured Geothermobacter sp.,1,1,1
Anaeromyxobacter,1,1,1
uncultured Anaeromyxobacter sp.,1,1,1
uncultured Cystobacter sp.,1,1,1
Archangiaceae,1,1,1
Stigmatella,1,1,1
uncultured Haliangium sp.,1,1,1
uncultured Kofleria sp.,1,1,1
Aggregicoccus edonensis,1,1,1
Myxococcaceae,1,1,1
Cystobacterineae,1,1,1
Myxococcales,1,1,1
Sorangiineae,1,1,1
uncultured Nannocystis sp.,1,1,1
uncultured Phaselicystis sp.,1,1,1
Aetherobacter,1,1,1
uncultured Byssovorax sp.,1,1,1
uncultured Chondromyces sp.,1,1,1
Polyangiaceae,1,1,1
uncultured Polyangium sp.,1,1,1
Sorangium cellulosum,1,1,1
Vulgatibacter incomptus,1,1,1
Deltaproteobacteria,1,1,1
uncultured Syntrophus sp.,1,1,1
uncultured Desulfovirga sp.,1,1,1
uncultured Syntrophobacter sp.,1,1,1
uncultured Crocinitomix sp.,1,1,1
Fluviicola,1,1,1
Fluviicola sp. YS 1.2.4,1,1,1
uncultured Fluviicola sp.,1,1,1
uncultured Lishizhenia sp.,1,1,1
Chryseobacterium,1,1,1
Flavobacterium,1,1,1
Flavobacterium hydatis,1,1,1
Flavobacterium sp. BF134,1,1,1
Flavobacterium sp. HL-17,1,1,1
Flavobacterium sp. PDD-32b-56,1,1,1
Flavobacterium sp. R-38392,1,1,1
uncultured Flavobacterium sp.,1,1,1
Flavobacteriaceae,1,1,1
Ktedonobacter sp. enrichment culture clone CTBE CDB1001H01,1,1,1
uncultured Ktedonobacter sp.,1,1,1
uncultured Rhodothermus sp.,1,1,1
Bacteroidetes,1,1,1
Chloroflexi,1,1,1
Verrucomicrobia,1,1,1
Cephaloticoccus,1,1,1
Opitutaceae,1,1,1
Opitutus,1,1,1
uncultured Opitutus sp.,1,1,1
Gaiella,1,1,1
Gaiella occulta,1,1,1
uncultured Gaiella sp.,1,1,1
uncultured Rubrobacter sp.,1,1,1
Chthoniobacter flavus,1,1,1
Mucilaginibacter,1,1,1
Mucilaginibacter sp. HME7565,1,1,1
Mucilaginibacter sp. UA-VH0703,1,1,1
uncultured Mucilaginibacter sp.,1,1,1
Sphingobacteriaceae,1,1,1
Pedobacter,1,1,1
Pedobacter luteus,1,1,1
Pedobacter sp. FGR-05,1,1,1
uncultured Pedobacter sp.,1,1,1
Solitalea,1,1,1
uncultured Solitalea sp.,1,1,1
Sphingobacterium,1,1,1
Sphingobacterium sp. P-7,1,1,1
Conexibacter,1,1,1
uncultured Conexibacter sp.,1,1,1
Solirubrobacterales,1,1,1
Solirubrobacter,1,1,1
uncultured Solirubrobacter sp.,1,1,1
uncultured Thermoleophilum sp.,1,1,1
uncultured Sphaerobacter sp.,1,1,1
Pedosphaera parvula Ellin514,1,1,1
uncultured Pedosphaera sp.,1,1,1
uncultured Luteolibacter sp.,1,1,1
Verrucomicrobiaceae,1,1,1
uncultured Prosthecobacter sp.,1,1,1
uncultured Verrucomicrobium sp.,1,1,1
Basidiobolus,1,1,1
Cryptococcus amylolentus,1,1,1
Tyrophagus,1,1,0
Histiostoma feroniarum,1,1,0
Choleva angustata,1,1,0
Lonchoptera lutea,1,1,0
Eosentomon sp. FNSA-2002,1,1,0
Protura,1,1,0
Ditylenchus dipsaci,0,1,1
Anguininae,0,1,1
Aphelenchus,0,1,1
Aphelenchus avenae,0,1,1
Seinura demani,0,1,1
Aphelenchoides,0,1,1
Aphelenchoides sp. 2137,0,1,1
Pseudaphelenchus,0,1,1
Tylencholaimus sp. PDL-2005,0,1,1
Mykophagophrys terricola,0,1,1
Pseudoplatyophrya nana,0,1,1
Allolobophora chlorotica,0,1,1
Aporrectodea,0,1,1
Aporrectodea caliginosa,0,1,1
Aporrectodea longa,0,1,1
Aporrectodea rosea,0,1,1
NA,0,1,1
Octolasion,0,1,1
Octolasion cyaneum,0,1,1
Hyphochytrium catenoides,1,1,1
Woronina pythii,1,1,1
Psathyrella sp. D16,1,1,0
Serpula incrassata,1,1,0
Hymenochaetopsis olivacea,1,1,0
Trechispora farinacea,1,1,0
Guepiniopsis buccina,1,1,0
Bisporella citrina,1,1,1
Orbicula parietina,1,1,0
Cryphonectria parasitica,1,1,0
Bos taurus,1,0,0
Acidobacterium,1,1,1
Acidobacterium sp. pan6,1,1,1
uncultured Acidobacterium sp.,1,1,1
uncultured Acidobacterium UA3,1,1,1
Candidatus Koribacter versatilis Ellin345,1,1,1
uncultured Candidatus Koribacter sp.,1,1,1
Edaphobacter,1,1,1
Edaphobacter dinghuensis,1,1,1
uncultured Edaphobacter sp.,1,1,1
Granulicella paludicola,1,1,1
Acidobacteriaceae,1,1,1
Occallatibacter riparius,1,1,1
Terracidiphilus gabretensis,1,1,1
uncultured Terriglobus sp.,1,1,1
Gemmatimonas,1,1,1
uncultured Gemmatimonas sp.,1,1,1
Gemmatimonadaceae,1,1,1
Geothrix,1,1,1
Holophaga sp. oral clone CA002,1,1,1
uncultured Holophaga sp.,1,1,1
Acidobacteria,1,1,1
Gemmatimonadetes,1,1,1
Phycisphaera mikurensis NBRC 102666,1,1,1
Tepidisphaera mucosa,1,1,1
Gemmata,1,1,1
Gemmata obscuriglobus,1,1,1
Gemmata sp. Fl1-1,1,1,1
uncultured Gemmata sp.,1,1,1
uncultured Zavarzinella sp.,1,1,1
uncultured Isosphaera sp.,1,1,1
Isosphaeraceae,1,1,1
Singulisphaera rosea,1,1,1
uncultured Singulisphaera sp.,1,1,1
Planctomycetaceae,1,1,1
Pirellula sp.,1,1,1
Pirellula staleyi,1,1,1
uncultured Pirellula sp.,1,1,1
Planctomyces,1,1,1
Planctomyces sp.,1,1,1
uncultured Planctomyces sp.,1,1,1
uncultured Rhodopirellula sp.,1,1,1
Candidatus Solibacter,1,1,1
Candidatus Solibacter usitatus,1,1,1
Candidatus Solibacter usitatus Ellin6076,1,1,1
uncultured Candidatus Solibacter sp.,1,1,1
uncultured Solibacter sp.,1,1,1
Alicorhagia,1,1,0
Stigmalychus sp. AD1318,1,1,0
Sarcoptiformes,1,1,0
Forficula auricularia,1,1,0
Tachyporus hypnorum,1,1,0
auricularia species complex,1,1,0
Forficula,1,1,0
Forficula sp. NC-1995,1,1,0
Myrmica scabrinodis,1,1,0
Mesodorylaimus cf. nigritulus AV-2005,0,1,1
Dorylaimina,0,1,1
Dorylaimoidea,0,1,1
Pungentinae,0,1,1
Pungentus,0,1,1
Pungentus sp. PDL-2005,0,1,1
Discolaimus cf. major HHBM-2007a,0,1,1
Ecumenicus,0,1,1
Qudsianematidae,0,1,1
Prodorylaimus sp. HHBM-2007a,0,1,1
Dorylaimia,0,1,1
Tripyla,0,1,1
Hypsibius,0,1,1
Hypsibius convergens,1,1,0
Uropoda orbicularis,1,1,0
Acidiferrobacteraceae,1,1,1
Cellvibrio,1,1,1
uncultured Saccharophagus sp.,1,1,1
uncultured Haliea sp.,1,1,1
uncultured Nitrosococcus sp.,1,1,1
uncultured Thiohalospira sp.,1,1,1
uncultured Thiorhodospira sp.,1,1,1
Chromatiales,1,1,1
Enterobacteriaceae,1,1,1
Enterobacterales,1,1,1
Rickettsiella,1,1,1
Legionella,1,1,1
Legionella lytica,1,1,1
uncultured Legionella sp.,1,1,1
Gammaproteobacteria,1,1,1
Hydrocarboniphaga,1,1,1
Steroidobacter,1,1,1
uncultured Steroidobacter sp.,1,1,1
Kangiella,1,1,1
Pasteurellaceae,1,1,1
Acinetobacter,1,1,1
Moraxella osloensis,1,1,1
Perlucidibaca,1,1,1
Pseudomonadaceae,1,1,1
Pseudomonas,1,1,1
uncultured Pseudomonas sp.,1,1,1
Xanthomonadales,1,1,1
Dokdonella ginsengisoli,1,1,1
uncultured Dokdonella sp.,1,1,1
uncultured Dyella sp.,1,1,1
Rhodanobacter,1,1,1
Rhodanobacter sp. D47,1,1,1
Rudaea cellulosilytica,1,1,1
Rudaea sp. URHD0100,1,1,1
Arenimonas,1,1,1
Arenimonas daechungensis,1,1,1
Arenimonas sp. HMF3017,1,1,1
uncultured Arenimonas sp.,1,1,1
Luteimonas aestuarii,1,1,1
Lysobacter sp. MS6Y-8-7,1,1,1
Lysobacter sp. RHLT3-4,1,1,1
Lysobacter sp. YS-37,1,1,1
uncultured Lysobacter sp.,1,1,1
Xanthomonadaceae,1,1,1
Stenotrophomonas,1,1,1
Thermomonas,1,1,1
uncultured Thermomonas sp.,1,1,1
uncultured Xanthomonas sp.,1,1,1
Alternaria,1,1,1
Anoplophrya marylandensis,1,1,1
Aphidius ervi,1,1,0
Cladosporium,1,1,1
Cladosporium sp. CB-20,1,1,1
Cochlonema euryblastum,1,1,1
Conidiobolus coronatus,1,1,1
Conidiobolus firmipilleus,1,1,1
Conidiobolus lamprauges,1,1,1
Cystobasidium,1,1,1
Metarhizium,1,1,1
Metarhizium anisopliae,1,1,1
Beauveria,1,1,1
Cordyceps cylindrica,1,1,1
Cordyceps memorabilis,1,1,1
Entyloma ficariae,1,1,1
Eucoccidiorida,1,1,1
Gaeumannomyces graminis var. avenae,1,1,1
Gliricola sp. 274,1,1,1
Glossiphoniidae,1,1,1
Itersonilia pannonica,1,1,1
Itersonilia perplexans,1,1,1
Leptosphaeria biglobosa 'brassicae' group,1,1,1
Magnaporthe,1,1,1
Malassezia,1,1,1
Malassezia globosa,1,1,1
Monocystis agilis,1,1,1
Gregarinasina,1,1,1
Olpidium bornovanus,1,1,1
Olpidium brassicae,1,1,1
Phoma herbarum,1,1,1
Chytridium polysiphoniae,1,1,1
Protomyces,1,1,1
Pythium,1,1,1
Rhizoctonia solani,1,1,1
Rhizoctonia zeae,1,1,1
Waitea circinata,1,1,1
Rhizoglyphus,1,1,1
Rhizophydium,1,1,1
Rhizophydium planktonicum,1,1,1
Romanomermis sichuanensis,1,1,1
Synchytrium,1,1,1
Syncystis mirabilis,1,1,1
Tetranychus urticae,1,1,1
Thripinae,1,1,1
Herpetomonas,1,1,1
Trypanosoma,1,1,1
Limonomyces roseipellis,1,1,1
Heterodera,0,1,1
Helicotylenchus,0,1,1
Helicotylenchus varicaudatus,0,1,1
Hoplolaiminae,0,1,1
Rotylenchulus borealis,0,1,1
Rotylenchulus reniformis,0,1,1
Rotylenchus vitis,0,1,1
Meloidogyne naasi,0,1,1
Amplimerlinius,0,1,1
Amplimerlinius icarus,0,1,1
Merlinius brevidens,0,1,1
Merlinius cf. microdorus TSH-2005,0,1,1
Merlinius joctus,0,1,1
Merliniidae,0,1,1
Pratylenchoides ritteri,0,1,1
Pratylenchus,0,1,1
Tylenchus arcuatus,0,1,1
Paratylenchus,0,1,1
Paratylenchus cf. neoamblicephalus,0,1,1
Paratylenchus microdorus,0,1,1
Paratylenchus similis,0,1,1
Longidorus,0,1,1
Longidorus raskii,0,1,1
Longidorus vinearum,0,1,1
Xiphinema,0,1,1
Xiphinema diversicaudatum,0,1,1
Trichodoridae,0,1,1
Aphanomyces,1,1,1
Plasmodiophoridae,1,1,1
Polymyxa graminis,1,1,1
Pythium rostratifingens,1,1,1
Pythium monospermum,1,1,1
Spongospora sp. HH-2014,1,1,1
Spongospora subterranea f. sp. nasturtii,1,1,1
Hantzschia,1,0,0
Hantzschia amphioxys f. muelleri,1,0,0
Nitzschia,1,0,0
Nitzschia pusilla,1,0,0
Pseudo-nitzschia heimii,1,0,0
Bacillariophycidae,1,0,0
Luticola permuticopsis,1,0,0
Fistulifera,1,0,0
Mayamaea,1,0,0
Mayamaea sp. KAS1111,1,0,0
Jaagiella alpicola,1,0,0
Actinochloris sp. BCP-LG3VF20,1,0,0
Chlamydomonas,1,0,0
Chlamydomonas philotes,1,0,0
Chlamydomonas reinhardtii,1,0,0
Chlamydomonadaceae,1,0,0
Chlorococcum,1,0,0
Chlamydomonadales,1,0,0
Chlorophyceae,1,0,0
Bracteacoccus,1,0,0
Coelastrella saipanensis,1,0,0
Desmodesmus,1,0,0
Scenedesmaceae,1,0,0
Palmellopsis sp. BCP-EM1VF1,1,0,0
unclassified Spumella,1,0,0
Dinobryon,1,0,0
Hibberdia magna,1,0,0
Pentapharsodinium tyrrhenicum,1,0,0
Euduboscquella,1,0,0
Glaucocystophyceae,1,0,0
Klebsormidium,1,0,0
Eustigmataceae,1,0,0
Botryidiopsidaceae,1,0,0
Botryochloris sp. SiM-2003,1,0,0
Chlorellidium,1,0,0
Chlorellidium tetrabotrys,1,0,0
Botryochloridaceae,1,0,0
Bumilleriopsis,1,0,0
Mischococcus sphaerocephalus,1,0,0
Mischococcales,1,0,0
Pleurochloris meiringensis,1,0,0
Pseudopleurochloris antarctica,1,0,0
Bacillariophyta,1,0,0
Chlorophyta,1,0,0
Phaeophyceae,1,0,0
Xanthophyceae,1,0,0
Oikomonas sp. SA-2.1,1,0,0
Heterococcus caespitosus,1,0,0
Tribonema,1,0,0
Xanthonema,1,0,0
Xanthonema bristolianum,1,0,0
Xanthonema sp. 735,1,0,0
Vaucheria terrestris,1,0,0
Chlorella,1,0,0
Chlorella emersonii,1,0,0
Micractinium,1,0,0
Chlorellaceae,1,0,0
Nannochloris sp. JL 4-6,1,0,0
Prototheca,1,0,0
Caulerpa cupressoides,1,0,0
Conopodium majus,1,1,1
Apioideae,1,1,1
Scandicinae,1,1,1
Achillea millefolium,1,1,1
Helianthus annuus,1,1,1
Asteraceae,1,1,1
Asteroideae,1,1,1
Taraxacum kok-saghyz,1,1,1
Cardamine,1,1,1
Brassicaceae,1,1,1
Sinapis alba,1,1,1
Cerastium arcticum,1,1,1
Alsineae,1,1,1
Silene,1,1,1
Stellaria,1,1,1
Coccomyxa,1,1,1
Papilionoideae,1,1,1
Pisum,1,1,1
Trifolium,1,1,1
Vigna angularis var. angularis,1,1,1
Alnus,1,1,1
Betulaceae,1,1,1
fabids,1,1,1
Bryaceae,1,0,0
Mniaceae,1,0,0
Funaria,1,0,0
Funariaceae,1,0,0
Oxyrrhynchium hians,1,0,0
Bryopsida,1,0,0
Dicranidae,1,0,0
Funariidae,1,0,0
Barbula unguiculata,1,0,0
Pottiaceae,1,0,0
Pleurozia purpurea,1,0,0
Ixiolirion tataricum,1,1,1
Petrosaviidae,1,1,1
Juncus,1,1,1
Dactylis glomerata,1,1,1
Aquifoliaceae,1,1,1
Asterales,1,1,1
Phacelia tanacetifolia,1,1,1
Caricaceae,1,1,1
Cucurbitaceae,1,1,1
Calluna vulgaris,1,1,1
Ericales,1,1,1
Canavalia ensiformis,1,1,1
Juglandaceae,1,1,1
Marsdenieae,1,1,1
Geraniaceae,1,1,1
Salvia nemorosa,1,1,1
Lamiales,1,1,1
Hesperelaea palmeri,1,1,1
Plantagineae,1,1,1
Veronica,1,1,1
Linum,1,1,1
Malpighiales,1,1,1
Melastomataceae,1,1,1
campanulids,1,1,1
Embryophyta,1,1,1
eudicotyledons,1,1,1
Euphyllophyta,1,1,1
lamiids,1,1,1
rosids,1,1,1
Sapindales,1,1,1
Sapindaceae,1,1,1
Convolvulaceae,1,1,1
Pinidae,1,1,1
Abies,1,1,1
Cedrus,1,1,1
Pinaceae,1,1,1
Picea,1,1,1
Picea abies,1,1,1
Pinus,1,1,1
Holcus,1,1,1
Hordeinae,1,1,1
PACMAD clade,1,1,1
Poaceae,1,1,1
Poeae,1,1,1
Poeae Chloroplast Group 1 (Aveneae type),1,1,1
Poeae Chloroplast Group 2 (Poeae type),1,1,1
Pooideae,1,1,1
Sorghum,1,1,1
Zea mays,1,1,1
Fallopia multiflora,1,1,1
Polygoneae,1,1,1
Polygonoideae,1,1,1
Persicaria,1,1,1
Polygonum,1,1,1
Rheum,1,1,1
Rumex,1,1,1
Papaveroideae,1,1,1
Ranunculus,1,1,1
Saliceae,1,1,1
Solanaceae,1,1,1
Solanoideae,1,1,1
Taxus,1,1,1
Urticaceae,1,1,1
Acyrthosiphon pisum,1,1,0
Chromulinaceae,1,1,0
Ochromonas,1,1,0
Ochromonas sp. CCMP2761,1,1,0
Ochromonas vasocystis,1,1,0
Spumella,1,1,0
Spumella lacusvadosi,1,1,0
Spumella sp. 37G,1,1,0
Spumella sp. CH3,1,1,0
Spumella sp. SpiG,1,1,0
Spumella vulgaris,1,1,0
unclassified Spumella,1,1,0
Epipyxis pulchra,1,1,0
Paraphysomonas,1,1,0
Paraphysomonas sp. 22 JMS-2012,1,1,0
Poterioochromonas malhamensis,1,1,0
Poterioochromonas stipitata,1,1,0
Mallomonas,1,1,0
Poterioochromonas,1,1,0
Chlamydomyxa labyrinthuloides,1,1,0
Aphidinae,1,1,0
Aphis,1,1,0
Aulacorthum solani,1,1,0
Barynotus moerens,1,1,0
Barynotus obscurus,1,1,0
Agriotes,1,1,0
Agriotes sordidus,1,1,0
Athous,1,1,0
Macrosiphini,1,1,0
Myzus persicae,1,1,0
Basiria,0,1,1
Boleodorus volutus,0,1,1
Tylenchidae,0,1,1
Tylenchinae,0,1,1
Neopsilenchus magnidens,0,1,1
Noctua pronuba,1,0,0
Otiorhynchus armadillo,1,1,0
Pemphigus,1,1,0
Rhopalosiphum padi,1,1,0
Sitona lineatus,1,1,0
Bardeliella pulchra,0,1,1
Colpoda,0,1,1
Colpoda inflata,0,1,1
Colpoda sp. MD-2011,0,1,1
Colpoda sp. PRA-118,0,1,1
Bresslauides discoideus,0,1,1
Maryna ovata,0,1,1
Colpodida,0,1,1
Cyrtolophosididae,0,1,1
Pseudocyrtolophosis alpestris,0,1,1
Cyrtolophosidida,0,1,1
Platyophrya,0,1,1
Platyophrya bromelicola,0,1,1
Platyophrya vorax,0,1,1
Colpodea,0,1,1
Euglypha,0,1,0
Euglypha tuberculata,0,1,0
Euglypha rotunda,0,1,0
Euglyphida,0,1,0
Paulinella,0,1,0
Sphenoderiidae,0,1,0
Sphenoderia,0,1,0
Corythion dubium,0,1,0
Trinematidae,0,1,0
Trinema,0,1,0
Trinema enchelys,0,1,0
Trinema lineare,0,1,0
Apusomonas proboscidea,0,1,1
Apusomonadidae,0,1,1
Chlamydophryidae,0,1,1
Rhogostoma,0,1,1
Echinamoeba exundans,0,1,1
Hartmannellidae,0,1,1
Nolandella,0,1,1
Saccamoeba,0,1,1
Vermamoeba vermiformis,0,1,1
Heterophrys sp. Oxford1,0,1,1
Lamproderma sp. SAPA:100012,0,1,1
Thaumatomastigidae,0,1,1
Peregrinia clavideferens,0,1,1
Thaumatomastix,0,1,1
Thaumatomonas,0,1,1
Cercomonas,0,1,1
Cercomonas alexieffi,0,1,1
Cercomonas braziliensis,0,1,1
Cercomonas celer,0,1,1
Cercomonas fastiga,0,1,1
Cercomonas media,0,1,1
Cercomonas parambigua,0,1,1
Cercomonas parincurva,0,1,1
Cercomonas radiata,0,1,1
Cercomonas rapida,0,1,1
Cercomonas sp. ATCC 50367,0,1,1
Cercomonas sp. HFCC 905,0,1,1
Cercomonas vacuolata,0,1,1
Eocercomonas,0,1,1
Eocercomonas sp. HFCC 908,0,1,1
Eocercomonas sp. HFCC 909,0,1,1
Massisteria marina,0,1,1
Cercomonadidae,0,1,1
Paracercomonas,0,1,1
Paracercomonas astra,0,1,1
Paracercomonas compacta,0,1,1
Paracercomonas filosa,0,1,1
Paracercomonas paralaciniaegerens,0,1,1
Paracercomonas sp. HFCC 913,0,1,1
Paracercomonas sp. HFCC 918,0,1,1
Bodomorpha,0,1,1
Bodomorpha sp. HFCC56,0,1,1
Bodomorpha sp. HFCC57,0,1,1
Heteromita,0,1,1
Heteromitidae,0,1,1
Cercomonadida,0,1,1
Rhogostoma schuessleri,0,1,1
Rhogostoma sp. CCAP 1966/4,0,1,1
Adineta vaga,0,1,1
Bdelloidea,0,1,1
Sphaeroeca volvox,0,1,1
Blepharisma,0,1,1
Blepharisma hyalinum,0,1,1
Bodonidae,0,1,1
Lacrymaria marina,0,1,1
Lacrymariidae,0,1,1
Notholca acuminata,0,1,1
Trichocerca rattus,0,1,1
Bicosoeca petiolata,0,1,1
Siluania monomastiga,0,1,1
Choanoflagellida,0,1,1
Codosiga,0,1,1
Monosiga ovata,0,1,1
Sphaeroeca,0,1,1
Diaphanoeca spiralifurca,0,1,1
Vexillifera,0,1,1
Protaspis,0,1,1
Protaspis obliqua,0,1,1
Leptopharynx bromelicola,0,1,1
Astomatida,0,1,1
Tetrahymenina,0,1,1
Tetrahymena,0,1,1
Epistylis,0,1,1
Peritrichia,0,1,1
Vorticellidae,0,1,1
Pseudovorticella punctata,0,1,1
Pseudovorticella sp. 5 PS-2016,0,1,1
Vorticella campanula,0,1,1
Vorticella sp. PPS-2011b,0,1,1
Vorticellides,0,1,1
Zoothamnium,0,1,1
Pseudoplatynematum denticulatum,0,1,1
Philasterida,0,1,1
Homalogastra setosa,0,1,1
Protocyclidium sinica,0,1,1
Prorodon,0,1,1
Meseres corlissi,0,1,1
Oxytricha,0,1,1
Tachysoma pellionellum,0,1,1
Bryometopus sphagni,0,1,1
Bryometopus pseudochilodon,0,1,1
Bresslaua vorax,0,1,1
Nuclearia,0,1,1
Platyreta germanica,0,1,1
Vampyrella pendula,0,1,1
Leptophryidae,0,1,1
Euplotes,0,1,1
Euplotes balteatus,0,1,1
Euplotes qatarensis,0,1,1
Euplotes trisulcatus,0,1,1
Euplotidae,0,1,1
Euplotida,0,1,1
Spirotrichea,0,1,1
Stichotrichia,0,1,1
Gonostomum,0,1,1
Gonostomum namibiense,0,1,1
Gonostomum sp. JS-2012,0,1,1
Gonostomum strenuum,0,1,1
Pseudouroleptus sp. ALT-2014,0,1,1
Anteholosticha,0,1,1
Anteholosticha gracilis,0,1,1
Anteholosticha monilata,0,1,1
Anteholosticha rectangula,0,1,1
Holostichidae,0,1,1
Urostylida,0,1,1
Caudiholosticha sp. Zlv-2015,0,1,1
Caudiholosticha sylvatica,0,1,1
Urostyla grandis,0,1,1
Fuscheria,0,1,1
Fuscheria sp. VBOEF-2011,0,1,1
Dileptus microstoma,0,1,1
Dileptus sp.,0,1,1
Monilicaryon monilatum,0,1,1
Phialina salinarum,0,1,1
Dileptida,0,1,1
Haptorida,0,1,1
Arcuospathidium namibiense tristicha,0,1,1
Cultellothrix coemeterii,0,1,1
Cultellothrix lionotiformis,0,1,1
Epispathidium sp. RV-2015,0,1,1
Epispathidium terricola,0,1,1
Spathidiidae,0,1,1
Spathidium simplinucleatum,0,1,1
Litostomatea,0,1,1
Trichostomatia,0,1,1
Amphileptus sp. ZY-2014b,0,1,1
Amphileptidae,0,1,1
Pleurostomatida,0,1,1
Hemiamphisiella terricola qingdaoensis,0,1,1
Neourostylopsis,0,1,1
Blaberolaelaps sp. APGD-2010,1,1,0
Laelapidae,1,1,0
Gamasina,1,1,0
Parasitidae,1,1,0
Phytoseiidae,1,1,0
Veigaia,1,1,0
Veigaia nemorensis,1,1,0
Veigaia sp. 2 APGD-2010,1,1,0
Anystis,1,1,0
Rhagidiidae,1,1,0
Diplogasteroides magnus,0,1,1
Aporcelaimellus sp. 2010_050,0,1,1
Aporcelaimidae,0,1,1
Nygolaiminae,0,1,1
Nygolaimus cf. brachyuris JH-2004,0,1,1
Odontolaimus,0,1,1
Anatonchus tridentatus,0,1,1
Anatonchidae,0,1,1
Clarkus,0,1,1
Chthonius,1,1,0
Chthonius sp. 2 JM-2008,1,1,0
Notiophilus rufipes,1,1,0
Trechus,1,1,0
Trechus obtusus,1,1,0
Trechus quadristriatus,1,1,0
Lithobius forficatus,1,0,0
Lithobius variegatus,1,1,0
Pleurostigmophora,1,1,0
Robertus neglectus,1,0,0
Lepidocyrtus sp. 1 FZ-2013,1,0,0
Entomobryidae,1,0,0
Orchesella villosa,1,0,0
Seira barnardi,1,0,0
Willowsia nigromaculata,1,0,0
Ceratophysella sp. FZ-2014,1,1,0
Hypogastruridae,1,1,0
Folsomia candida,1,1,0
Isotoma viridis,1,1,0
Isotomidae,1,1,0
Sminthurinus bimaculatus,1,1,0
Collembola,1,1,0
Entomobryoidea,1,1,0
Entomobryomorpha,1,1,0
Poduroidea,0,1,0
Friesea grisea,1,0,0
Megalothorax,0,1,0
Megalothorax sp. EA040003-cs17,0,1,0
Megalothorax sp. EA040004-cs23,0,1,0
Megalothorax sp. EA040008-cs9,0,1,0
Protaphorura armata,0,1,0
Sminthurus viridis,1,0,0
Entomobrya multifasciata,1,0,0
Entomobrya sp. 9644 FZ-2013,1,0,0
Lepidocyrtus paradoxus,1,0,0
Folsomia quadrioculata,1,1,0
Isotoma viridis,1,0,0
Isotomiella minor,0,1,0
Tetracanthella sp. YB-2012,1,0,0
Vertagopus sp. YB-2012,1,1,0
Collembola,0,0,0
Entomobryoidea,0,0,0
Entomobryomorpha,0,0,0
Poduroidea,0,0,0
Crossodonthina koreana,0,0,0
Neanuridae,1,0,0
Tetrodontophora bielanensis,0,1,0
Podura aquatica,0,1,0
Sminthurides aquaticus,1,0,0
Tullbergia yosii,0,1,0
Eudrilus eugeniae,0,0,0
Lumbricus,0,1,1
Lumbricus castaneus,1,0,0
Lumbricus centralis,1,1,1
Lumbricus friendi,1,1,1
Lumbricus terrestris,1,1,1
Lumbricinae,0,1,1
Cylindroiulus caeruleocinctus,1,1,0
Polydesmida,1,1,0
Polydesmus coriaceus,1,1,0
Campodea,1,1,0
Campodea fragilis,1,1,0
Bradysia subrufescens,1,1,0
Peyerimhoffia alpina,1,1,0
Tipulinae,1,1,0
Tipula abdominalis,1,1,0
Tipula cockerelliana,1,1,0
Liochthonius sp. AD1300,1,1,0
Pilogalumna rosauraruizae,1,1,0
Brachypylina,1,1,0
Ceratozetoidea,1,1,0
Oribatida,1,1,0
Oribatulidae,1,1,0
Protoribates hakonensis,1,1,0
Tectocepheus,1,1,0
Achaeta,0,1,1
Achaeta affinis,0,1,1
Achaeta bifollicula,0,1,1
Achaeta cf. bohemica PDW-2010,0,1,1
Achaeta unibulba,0,1,1
Buchholzia fallax,1,1,1
Chamaedrilus,0,1,0
Chamaedrilus aff. glandulosus A SM-2014,0,1,0
Chamaedrilus aff. sphagnetorum C SM-2014,0,1,0
Enchytraeus,0,1,1
Enchytraeus albidus,0,1,1
Enchytraeus buchholzi,0,1,1
Enchytraeus bulbosus,0,1,1
Enchytraeus christenseni,0,1,1
Enchytraeus lacteus,0,1,1
Enchytraeus norvegicus,0,0,1
Enchytronia parva,0,1,1
Fridericia bisetosa,0,0,1
Fridericia christeri,0,0,1
Fridericia connata,0,0,1
Fridericia galba,0,0,1
Fridericia isseli,0,0,1
Fridericia magna,0,0,1
Fridericia paroniana,0,0,1
Fridericia ratzeli,0,0,1
Fridericia sohlenii,0,0,1
Fridericia sylvatica,0,0,1
Fridericia tuberosa,0,0,1
Henlea perpusilla,0,1,1
Marionina,0,1,0
Marionina cf. minutissima PDW-2010,0,0,1
Marionina clavata,0,1,0
Marionina communis,0,1,0
Marionina filiformis,0,0,1
Marionina sublitoralis,0,1,1
Enchytraeidae,0,1,1
Satchellius mammalis,1,1,0
Kuzuhaea moniliformis,1,1,1
Piptocephalidaceae,1,1,1
Piptocephalis graefenhanii,1,1,1
Syncephalis depressa,1,1,1
Syncephalis fuscata,1,1,1
Chytridiaceae,1,1,1
Endogone,1,1,1
Endogone sp. OSC T14506,1,1,1
Endogone sp. W5994,1,1,1
Endogone lactiflua,1,1,1
Hodophilus hymenocephalus,1,1,1
Ramariopsis kunzei,1,1,1
Chromosera,1,1,1
Hygrocybe,1,1,1
Hygrocybe reidii,1,1,1
Campanella subdendrophora,1,1,1
Pluteus petasatus,1,1,1
Pluteus phlebophorus,1,1,1
Pholiota squarrosa,1,1,1
Camarophyllus,1,1,1
Porpoloma sp. 2 MSG-2014,1,1,1
Hyphodontia rimosissima,1,1,1
Peniophorella praetermissa,1,1,1
Geastrum saccatum,1,1,1
Sphaerobolus stellatus,1,1,1
Pterula echo,1,1,1
Asterostroma andinum,1,1,1
Scytinostroma,1,1,1
Stereum ostrea,1,1,1
Craterocolla cerasi,1,1,1
Archaeorhizomyces,1,1,1
Archaeorhizomyces borealis,1,1,1
Archaeorhizomyces finlayi,1,1,1
Proceropycnis pinicola,1,1,1
Catenaria,1,1,1
Endochytrium sp. JEL 324,1,1,1
Rhizophlyctis harderi,1,1,1
Rhizophlyctis rosea,1,1,1
Rhizophydium patellarium,1,1,1
Rhizophydium sp. JEL136,1,1,1
Rhizophydium sp. UGA-F16,1,1,1
Spizellomycetales,1,1,1
Spizellomyces,1,1,1
Spizellomyces punctatus,1,1,1
Acrospermum,1,1,1
Acrospermum gramineum,1,1,1
Pyrenochaeta sp. GMG_PPb7,1,1,1
Dictyosporium,1,1,1
Phaeosphaeria,1,1,1
Sclerostagonospora sp. CBS 118142,1,1,1
Preussia,1,1,1
Tubeufia helicomyces,1,1,1
Cyphellophora sessilis,1,1,1
Penicillium,1,1,1
Penicillium sp. D01,1,1,1
Penicillium sp. SDI-2014f,1,1,1
Talaromyces,1,1,1
Onygenales,1,1,1
Auxarthron,1,1,1
Pyxidiophora arvernensis,1,1,1
Psora,1,1,1
Articulospora proliferata,1,1,1
Holwaya mucida subsp. nipponica,1,1,1
Hymenoscyphus repandus,1,1,1
Hyphodiscus hymeniophilus,1,1,1
Sporobolomyces,1,1,1
Absidia glauca,1,1,1
Gongronella,1,1,1
Gongronella butleri,1,1,1
Halteromyces radiatus,1,1,1
Mucor,1,1,1
Brachyphoris oviparasitica,1,1,1
Hyalorbilia sp. HOB-2016a,1,1,1
Orbilia sp. HOB-2016am,1,1,1
Boudiera acanthospora,1,1,1
Melastiza contorta,1,1,1
Stephensia shanorii,1,1,1
Yarrowia lipolytica,1,1,1
Yarrowia sp. 25L,1,1,1
Saccharomyces cerevisiae,1,1,1
Chaetosphaeria ciliata,1,1,1
Stilbocrea macrostoma,1,1,1
Panorbis viscosus,1,1,1
Filobasidium stepposum,1,1,1
Bullera,1,1,1
Dioszegia,1,1,1
Dioszegia crocea,1,1,1
Apiotrichum,1,1,1
Apiotrichum porosum,1,1,1
Dissophora decumbens,1,1,1
Mortierella,1,1,1
Mortierella sp. MS-6,1,1,1
Mortierellaceae,1,1,1
Multiclavula mucida,1,1,1
Sistotrema,1,1,1
Acaulospora laevis,1,1,1
Hygrophorus,1,1,1
Hygrophorus agathosmus,1,1,1
Tricholoma,1,1,1
Stephanospora caroticolor,1,1,1
Tomentella,1,1,1
Peziza,1,1,1
Genea fragrans,1,1,1
Tuberaceae,1,1,1
Tuber sp. CBS 272 72,1,1,1
Periconia macrospinosa,0,1,1
Rhizobiales,0,1,1
Bacteria,1,1,1
uncultured Elusimicrobium sp.,1,1,1
uncultured Fibrobacter sp.,1,1,1
uncultured Fusobacterium sp.,1,1,1
uncultured Ignavibacterium sp.,1,1,1
Proteobacteria,1,1,1
Nitrospira,1,1,1
Nitrospira marina Nb-295,1,1,1
uncultured Nitrospira sp.,1,1,1
Oligoflexus tunisiensis,1,1,1
uncultured Turneriella sp.,1,1,1
Spirochaeta,1,1,1
Resource_Light,1,1,1
Resource_Decaying_wood,1,1,1
Resource_SOM,1,1,1
